AACC,6.05
AAME,1.82
AAON,24.94
AAPL,317.13
AATI,3.79
AAWW,61.19
AAXJ,65.56
ABAT,3.99
ABAX,25.42
ABBC,11.53
ABCB,9.14
ABCD,3.22
ABCO,50.37
ABCW,0.53
ABFS,25.5
ABIO,4
ABMD,11.87
ABTL,0.83
ABVA,3.25
ACAD,0.74
ACAS,7.66
ACAT,14.2
ACCL,8.1
ACET,7.73
ACFC,1.6
ACFN,3.98
ACGL,89.92
ACGY,22.46
ACHN,3.16
ACIW,26.8
ACLI,33.63
ACLS,2.53
ACMR,2.71
ACOM,26.56
ACOR,27.04
ACPW,1.85
ACTG,27.18
ACTI,3.26
ACTS,2.07
ACUR,2.6
ACWI,46.51
ACWX,44.6
ACXM,18.01
ADAM,7.44
ADAT,0.66
ADBE,29.14
ADCT,12.68
ADEP,5.61
ADES,6.19
ADGF,4.54
ADLR,1.25
ADP,45.84
ADPI,12.06
ADRA,27.67
ADRD,21.93
ADRE,48.38
ADRU,21.72
ADSK,35.68
ADTN,33.7
ADUS,4
ADVS,55.92
AEGR,10.09
AEHR,1.08
AEIS,12.99
AEPI,26.91
AERG,0.91
AERL,10.19
AETI,2.35
AEY,3.23
AEZS,1.22
AFAM,35.6
AFCE,13.06
AFFM,3.67
AFFX,4.61
AFFY,5.51
AFOP,11
AFSI,16.5
AGAM,20.78
AGEN,1
AGII,36.33
AGNC,29.43
AGYS,5.83
AHCI,3.07
AHGP,43.84
AHII,2.74
AIMC,16.18
AINV,11.41
AIRM,44.1
AIRT,9.05
AIXG,33.66
AKAM,53.28
AKRX,5.29
ALAN,1.69
ALCO,25.1
ALGN,18.5
ALGT,49.19
ALIM,10.52
ALKS,12.1
ALLB,7.63
ALLT,7.34
ALNC,31.35
ALNY,12.9
ALOG,46.83
ALOT,7.21
ALOY,9.76
ALRN,1.19
ALSK,10.65
ALTE,19.76
ALTH,4.34
ALTI,0.62
ALTR,33.25
ALVR,2.65
ALXA,0.97
ALXN,72.72
AMAC,5.7
AMAG,16.49
AMAP,21.41
AMAT,12.98
AMCC,10.88
AMCF,5.21
AMCN,7.02
AMED,27.22
AMGN,55.42
AMIE,1.86
AMKR,6.79
AMLN,13.05
AMMD,19.46
AMNB,24.03
AMOT,5.7
AMOV,59.68
AMPH,32.46
AMPL,2.5
AMRB,5.99
AMRI,6.46
AMRN,3.01
AMRS,17.3
AMSC,36.99
AMSF,18.32
AMSG,18.93
AMSWA,6.51
AMTD,17.72
AMWD,19.61
AMZN,170.77
ANAD,5.93
ANAT,83.88
ANCI,1.6
ANCX,6.5
ANDE,36.47
ANDS,1.29
ANEN,17.87
ANGN,4.31
ANGO,14.44
ANIK,6.98
ANLY,2.19
ANNB,3.98
ANPI,0.28
ANSS,46.06
ANSW,6.97
ANTH,5.34
ANTP,5.4
AONE,9.96
AOSL,11.68
APAC,6.46
APAGF,37.89
APCVZ,0.04
APEI,26.75
APFC,6.18
APKT,41.8
APOG,12.05
APOL,35.73
APPA,0.74
APPY,0.48
APRI,1.77
APSA,11.5
APSG,32.94
APWR,7.58
ARAY,6.89
ARBA,19.77
ARBX,6.98
ARCC,17.24
ARCI,3.45
ARCL,10.42
ARCW,2.63
AREX,15.69
ARGN,11.35
ARIA,3.76
ARII,16.13
ARKR,14.82
ARLP,59.97
ARMH,17.26
ARNA,1.55
AROW,26.59
ARQL,5.6
ARRS,10.13
ARRY,3.43
ARSD,2.82
ARTC,28.47
ARTG,5.97
ARTNA,19.33
ARTW,9.9
ARTX,2.02
ARUN,23.13
ARWR,0.93
ARYX,0.43
ASBC,13.52
ASBI,3.98
ASCA,18.58
ASCMA,29.47
ASEI,82.03
ASFI,8.44
ASFN,0.95
ASGN,6.86
ASGR,16.85
ASIA,20.46
ASMI,26.08
ASML,34.2
ASPS,28.26
ASRV,1.65
ASTC,1.03
ASTE,31.94
ASTI,4.42
ASTIZ,0.48
ASTM,2.83
ASUR,2.56
ASYS,18.27
ATAI,3.53
ATAX,5.44
ATBC,2.17
ATEA,2.57
ATEC,2.3
ATHN,41.05
ATHR,33
ATHX,2.76
ATLO,20.77
ATLS,30.5
ATMI,18.71
ATML,10.28
ATNI,39.15
ATPG,15.11
ATRC,8.29
ATRI,171
ATRM,2.34
ATRN,0.47
ATRO,23.05
ATSG,7.52
ATVI,11.3
ATX,6.7
AUBN,20.4
AUDC,5.1
AUTC,25.22
AUTH,2.36
AUXL,21.57
AVAV,23.62
AVCA,5.5
AVEO,16.84
AVGO,25.37
AVID,13.36
AVII,2.02
AVNR,4.79
AVNW,4.38
AVTR,19.44
AWRE,2.85
AXAS,3.44
AXTI,8.7
AZPN,12.4
BABY,13.6
BAGL,11.77
BAMM,6.89
BANF,42.68
BANR,1.85
BARI,29.96
BASI,0.91
BBBB,42.76
BBBY,45.13
BBEP,19.42
BBGI,5.04
BBND,3.28
BBNK,9.19
BBOX,35.5
BBRG,17.33
BBSI,15.9
BBXT,9
BCAR,3.05
BCBP,9.02
BCON,0.27
BCPC,30.12
BCRX,5.25
BCSB,11
BCSI,28
BDCO,2.19
BDE,7.09
BDGE,25.54
BDMS,18.01
BDSI,3.59
BEAT,5.83
BEAV,38.46
BEBE,6.67
BECN,15.61
BELFA,25.87
BELFB,24.68
BEST,1.2
BEXP,23.17
BFED,11.27
BFIN,9.85
BFLY,2.5
BFSB,2.5
BGCP,7.61
BGFV,14.27
BHLB,19.67
BIB,54.11
BICK,34.31
BIDU,108.8
BIDZ,1.32
BIIB,62.78
BIOC,4.2
BIOD,1.88
BIOF,2.17
BIOS,4.54
BIRT,5.19
BIS,57.45
BITS,7.1
BJGP,9.82
BJRI,34.65
BKBK,12.1
BKCC,11.86
BKMU,5.02
BKYF,18.11
BLDP,1.76
BLDR,2.19
BLIN,1.44
BLKB,26.52
BLTI,1.8
BLUD,17.89
BMC,46.17
BMRC,34.57
BMRN,25.71
BMTC,17.35
BMTI,11.56
BNCL,7.71
BNCN,8.89
BNHN,8.3
BNHNA,8.4
BNSO,1.4
BNVI,0.94
BOBE,30.03
BOCH,3.74
BODY,13.65
BOFI,14.16
BOKF,50.18
BOLT,11.72
BONT,13.18
BOOM,15.8
BOOT,15.21
BOSC,1.83
BOVA,1.95
BPAX,1.63
BPFH,5.63
BPHX,2.19
BPOP,2.87
BPOPM,18.89
BPOPN,21.25
BRCD,6.06
BRCM,42.34
BRID,13.14
BRKL,10.2
BRKR,15.35
BRKS,7.48
BRLI,21.9
BRNC,5.4
BSDM,5.06
BSET,4.63
BSFT,9.23
BSPM,3.19
BSQR,4.05
BSRR,10.94
BSTC,24.44
BTFG,2.96
BTUI,7.56
BUCY,73.77
BUSE,4.77
BVSN,12.97
BWEN,1.93
BWINB,24.8
BWLD,49.19
BWOW,3.75
BWOWU,4.47
BWOWW,0.4
BYFC,1.93
CA,23.46
CAAS,16.88
CABL,0.56
CAC,36.74
CACB,0.49
CACC,61.82
CACH,5.2
CADC,4.92
CADE,2.44
CADX,7.9
CAEI,0.8
CAFI,1.84
CAGC,14.71
CAKE,29.8
CALD,4.76
CALI,3.22
CALL,31.74
CALM,29.09
CALP,4.93
CALPW,0.23
CAMP,2.59
CAMT,2.76
CAPS,0.91
CART,4.84
CARV,3.27
CASB,0.47
CASH,13.91
CASM,3.4
CASS,36.24
CAST,7.7
CASY,39.75
CATM,17.86
CATY,14.59
CAVM,35.2
CAVO,2.49
CAZA,9.65
CAZAU,10.01
CBAK,2.2
CBAN,4.86
CBEH,9.19
CBEY,13.07
CBIN,8.78
CBKN,3
CBLI,6.28
CBMX,2.56
CBNK,12.21
CBOE,24.65
CBOU,11.44
CBPO,10.19
CBRL,55.47
CBRX,1.33
CBSH,38.8
CBST,23.44
CCBG,12.42
CCBP,40.85
CCCL,9.05
CCCLW,2.65
CCIH,25.89
CCIX,6.6
CCME,19.61
CCMP,40.99
CCNE,14.94
CCOI,11.64
CCRN,7.27
CCRT,5.94
CCUR,4.78
CDCS,7.02
CDII,1.33
CDNS,8.61
CDTID,12.99
CDXS,9.95
CDZI,11.64
CEBK,13.66
CECE,5.35
CECO,17.49
CEDC,26.19
CEDU,7.42
CELG,61.22
CELGZ,4.5
CELH,1.35
CELHW,0.44
CELL,9.03
CELM,5.65
CENT,10.86
CENTA,10.97
CENX,14.81
CEPH,66.11
CERN,87.82
CERP,2.89
CERS,3.23
CETV,22.91
CEVA,19.79
CFBK,1
CFFC,3.5
CFFI,20.13
CFFN,24.3
CFK,7.15
CFNB,14.47
CFNL,10.47
CFSG,8.18
CGEN,4.35
CGNX,29.59
CHBT,13.61
CHCI,1.21
CHCO,34.2
CHDN,38.13
CHDX,14.54
CHEV,8.76
CHFC,21.42
CHFN,8.35
CHINA,4.64
CHIO,0.13
CHKE,19.9
CHKP,43.35
CHLN,2.74
CHNG,6.99
CHNR,13.3
CHOP,6.3
CHOPW,1.3
CHRM,12.23
CHRS,3.53
CHRW,71.79
CHSCP,28.9
CHSI,43.44
CHTP,4.86
CHTR,35.72
CHUX,7.28
CHYR,1.83
CIDM,1.54
CIEN,14.37
CIGX,1.78
CIIC,0.57
CIMT,1.7
CINF,30.74
CISG,22.84
CITZ,5.38
CJJD,5.19
CKEC,8.24
CKSW,6.57
CKXE,4.08
CLBH,2.69
CLCT,15.5
CLDA,19.29
CLDX,4.7
CLFC,5.86
CLFD,2.97
CLMS,12.37
CLMT,21.11
CLNE,15.35
CLRO,3.45
CLRT,4.99
CLSN,2.97
CLUB,3.17
CLWR,6.93
CLWT,1.28
CMCO,18.26
CMCSA,21.04
CMCSK,19.86
CME,295.03
CMED,12.28
CMLS,3.91
CMRG,5.13
CMRO,1.4
CMTL,31.5
CNBC,8.01
CNBKA,24.25
CNET,4.15
CNIC,2.45
CNIT,6.31
CNLG,0.61
CNMD,22.39
CNQR,54.05
CNSL,18.52
CNST,2.51
CNTF,4.02
CNTY,2.4
CNVO,9.07
CNXT,1.46
CNYD,12.78
COBR,2.24
COBZ,5.24
COCO,4.03
COGO,7.8
COGT,10.49
COHR,44.85
COHU,15.26
COIN,0.46
COINW,0.1
COINZ,0.06
COKE,55.7
COLB,19.1
COLM,54.16
COMV,7.45
CONN,4
COOL,0.66
CORE,33.86
CORT,3.72
COSI,1.23
COST,65.4
COWN,4.21
CPBC,4.9
CPEX,23.5
CPHC,10.1
CPHD,21.93
CPII,14.56
CPIX,7.1
CPKI,17.22
CPLA,54.61
CPLP,8.7
CPNO,28.56
CPRT,34.49
CPRX,1.09
CPSI,47.61
CPSL,1.64
CPSS,0.85
CPST,0.79
CPTS,14.95
CPWM,5.55
CPWR,10.28
CRA,5.82
CRAI,21.17
CRAY,5.89
CRBC,0.65
CRDC,2.3
CRDN,25.51
CRED,8.02
CREE,54.49
CREG,3.28
CRESW,0.3
CRESY,19.88
CRFN,2.53
CRIC,9.65
CRIS,1.67
CRME,4.8
CRMT,28.74
CRNT,10.95
CROX,14.46
CRRC,15.48
CRTP,3.19
CRTX,6.72
CRUS,13.89
CRVL,46
CRWN,2.7
CRWS,5.54
CRXL,32.5
CRYP,1.27
CRZO,24.49
CSBK,9.23
CSCD,3.49
CSCO,24.26
CSCX,2.27
CSFL,7.04
CSGP,52.91
CSGS,20.2
CSHB,0.56
CSII,7.22
CSIQ,15.85
CSKI,9.69
CSPI,4.54
CSTR,61.74
CSUN,4.7
CSWC,104
CTAS,28.2
CTBC,5.35
CTBI,27.87
CTCH,3.72
CTCM,23.53
CTCT,24.04
CTDC,2.33
CTE,6.55
CTEL,12.8
CTFO,6.18
CTGX,8.96
CTHR,2.13
CTIB,8.84
CTIC,0.38
CTRN,20.91
CTRP,47.52
CTSH,63.36
CTWS,25.03
CTXS,65.31
CU,39.96
CUBA,7.08
CUTR,7.28
CVBF,8.49
CVBK,0.9
CVCO,36.56
CVCY,5.99
CVGI,15.53
CVGW,22.86
CVLT,30.2
CVLY,9.2
CVTI,8.18
CVV,8.28
CVVT,10.5
CWBC,3.3
CWBS,2.38
CWCO,10.2
CWEI,68.99
CWS,4.64
CWST,4.87
CWTR,3.54
CXDC,5.31
CXPO,2.98
CY,15.33
CYAN,2.08
CYBE,7.2
CYBI,1.43
CYBX,27.25
CYCC,1.6
CYDE,3.75
CYMI,39.01
CYNO,10.85
CYOU,31.95
CYPB,4.02
CYTK,2.4
CYTR,0.86
CYTX,4.49
CYTXW,3.39
CZFC,7.5
CZNC,15.6
DAIO,5.81
DAKT,11.81
DARA,2.26
DAVE,9.12
DBLE,4.73
DBLEP,25.32
DBRN,24.3
DCOM,15.35
DCTH,8.63
DDIC,10.74
DDMX,21.08
DDSS,1.07
DEAR,1.73
DECK,62.56
DEER,11.62
DELL,14.46
DENN,3.49
DEPO,5.11
DEST,38.29
DFR,6.75
DFZ,10.66
DGAS,30.48
DGICA,14.58
DGII,10.44
DGIT,27.74
DGLY,1.72
DHFT,9.39
DHIL,81.67
DHRM,5.6
DIET,0.7
DINE,13.7
DIOD,23.3
DISCA,41.11
DISCB,41.4
DISCK,35.63
DISH,20.81
DITC,1.48
DJSP,0.67
DJSPU,2.05
DJSPW,0.05
DLGC,5.75
DLIA,1.9
DLLR,25.41
DLTR,52.98
DMAN,10.53
DMED,4.76
DMLP,27.83
DMND,44.6
DMRC,27.09
DNBF,8.16
DNBK,15.49
DNDN,35.07
DNEX,92.96
DORM,41.61
DOVR,3.33
DPTR,0.79
DRAD,2.05
DRAM,2.43
DRCO,11.69
DRIV,37.46
DROOY,4.94
DRRX,2.72
DRWI,7.69
DRYS,4.69
DSCI,4.84
DSCM,1.68
DSCO,0.21
DSGX,6.73
DSPG,7.48
DSTI,2.09
DSWL,3.52
DTLK,4
DTSI,41.43
DTV,42.72
DUCK,12
DUSA,2.57
DVAX,2.06
DVOX,5.69
DWA,35.42
DWCH,2.74
DWMT,10.3
DWSN,27.19
DXCM,10.85
DXPE,21.02
DXYN,3.48
DYAX,2.41
DYII,2.1
DYNT,0.71
EBAY,30.86
EBIX,25.18
EBMT,10.07
EBSB,10.81
EBTC,11.95
EBTX,8.18
ECBE,13.3
ECGI,0.88
ECHO,11.9
ECOL,16.89
ECPG,20.26
ECTY,3.93
EDAC,3.44
EDAP,2.44
EDGR,1.25
EDGW,2.95
EDMC,13.34
EDS,9.03
EDSWW,4.08
EDUC,6.65
EEFT,18.12
EEI,13.5
EFII,14.58
EFOI,1.13
EFSC,10.51
EFUT,6.4
EGBN,12.86
EGHT,2.98
EGLE,5.38
EGOV,9
EHTH,14.26
EIHI,11.1
ELGX,6.02
ELMD,3.67
ELMG,19
ELNK,9.27
ELON,8.7
ELOS,10.91
ELOY,6.83
ELRC,15.59
ELSE,4.18
ELTK,1.29
EMCI,21.73
EMFN,30.99
EMIF,34.76
EMITF,13.7
EMKR,1.27
EMMS,0.8
EMMSP,14
EMMT,27.7
ENDP,35.89
ENER,4.46
ENG,2.79
ENMD,4.12
ENOC,30.72
ENSG,21.19
ENTG,6.38
ENTR,9.15
ENWV,2.34
ENZN,10.84
EONC,2.38
EPAX,11.19
EPAY,18.88
EPCT,0.6
EPHC,13.88
EPIC,9.51
EPIQ,12.45
EQIX,83.27
ERES,7.56
ERIC,10.89
ERIE,60.99
ERII,3.57
EROC,7.34
EROCW,1.75
ERTS,16.33
ESBF,14.92
ESEA,4.15
ESGR,84.72
ESIC,3.86
ESIO,13.11
ESLR,0.93
ESLT,53.2
ESMC,1.5
ESRX,52.76
ESSA,13.02
ESSX,4.5
ETFC,15.3
ETRM,1.99
EUFN,23.49
EURX,11.69
EVBN,14.12
EVBS,3.8
EVEP,38.51
EVOL,7.79
EWBC,18.82
EXAC,16.38
EXAR,6.9
EXAS,6.52
EXEL,4.36
EXFO,6.04
EXLP,24.01
EXLS,20.29
EXPD,51.78
EXPE,27.3
EXPO,34.25
EXTR,3.03
EXXI,23.17
EZCH,25.36
EZPW,24.47
FABK,10.95
FACE,3.76
FALC,2.53
FARM,17.05
FARO,26.94
FAST,53.74
FBCM,3.76
FBIZ,11.2
FBMI,5.25
FBNC,14.11
FBSS,13
FCAL,2.59
FCAP,15.7
FCBC,13.86
FCCO,5.1
FCCY,8
FCEC,6.32
FCEL,1.27
FCFC,8.44
FCFL,1.58
FCFS,29.94
FCHI,56.9
FCLF,6.4
FCNCA,195
FCVA,3.5
FCZA,4.38
FDEF,11.78
FDML,19.93
FEED,3.17
FEIC,23.24
FEIM,6.3
FELE,36.38
FFBC,17.69
FFBCW,7
FFBH,1.93
FFCH,11.17
FFCO,12.9
FFEX,3.07
FFFD,14.7
FFHL,1.88
FFHS,14.19
FFIC,14.45
FFIN,49.45
FFIV,123
FFKT,4.95
FFKY,3.92
FFNM,2.6
FFNW,3.83
FHCO,6.43
FIBK,13.02
FINL,16.17
FIRE,25.02
FISI,18.66
FISV,55.78
FITB,13.03
FITBP,136.45
FIZZ,14.55
FLEX,7.21
FLIC,26
FLIR,28.61
FLML,7.52
FLOW,3.29
FLWS,2.01
FLXS,15.58
FMAR,0.72
FMBI,11.36
FMCN,26
FMER,18.73
FMFC,4.03
FNBN,0.47
FNDT,14.33
FNFG,12.44
FNGN,15.04
FNLC,14.8
FNSR,19.29
FOLD,4.3
FONR,1.26
FORD,3.55
FORM,10.53
FORR,34.41
FORTY,14.7
FOSL,62.22
FPBI,1.03
FPFC,2.55
FPIC,38.59
FPTB,11.5
FRBK,2.2
FRCCO,25
FRED,12.42
FREE,4.77
FREEZ,0.02
FRME,8.89
FRPT,5.23
FSBI,6
FSBK,10.23
FSCI,19.04
FSFG,14.5
FSGI,1.45
FSII,3.13
FSIN,10.35
FSLR,138.83
FSRV,27.27
FSTR,35.73
FSYS,36.47
FTEK,6.53
FTLK,6.42
FTNT,31.29
FTWR,4.68
FUBC,5.96
FUEL,1.48
FULL,8.4
FULT,9.41
FUNC,4.68
FUND,7.13
FUQI,7.65
FURX,11.65
FWLT,27.21
FWRD,28.37
FXCB,10.32
FXEN,5.58
GABC,18.41
GAGA,9.6
GAI,10
GAIA,7.45
GAIN,7.63
GAME,6.3
GASS,4.86
GBCI,13.71
GBDC,16.26
GBLI,19.05
GBNK,1.48
GCBC,18.5
GCFB,2
GCOM,8.9
GEDU,8.19
GENC,7.21
GENT,5.68
GENZ,71.69
GEOI,18.93
GEOY,45.6
GERN,5.6
GFED,4.88
GFN,2
GFRE,9.37
GGAL,16.34
GHDX,14.79
GIFI,25.29
GIGA,2.34
GIGM,1.7
GIII,29.53
GILD,38.95
GILT,5.3
GIVN,15.83
GKNT,2.11
GKSR,28.74
GLAD,11.67
GLBC,12.81
GLBL,6.18
GLCH,2.39
GLDC,3.4
GLDD,7.14
GLGL,8.14
GLNG,13.95
GLOI,2.35
GLPW,17.96
GLRE,29.68
GLUU,1.73
GMAN,10.85
GMCR,34.63
GMET,0.71
GMETP,9.6
GMTC,0.27
GNCMA,10.97
GNET,6.87
GNMK,4.23
GNTX,22.1
GNVC,0.53
GOLD,97.01
GOLF,3.01
GOOD,18.95
GOODP,24.52
GOOG,625.08
GPIC,6.38
GPOR,17.95
GPRC,4
GPRE,11.81
GPRO,49.2
GRAN,0.77
GRID,32.02
GRIF,27.72
GRMH,1.4
GRMN,31.17
GRNB,3.74
GROW,8.31
GRRF,2.77
GRVY,1.71
GSAT,1.73
GSBC,23.91
GSIC,25.73
GSIT,7.17
GSM,16.88
GSOL,8.43
GTEC,13.71
GTIM,0.75
GTIV,25.04
GTLS,24.82
GTSI,4.54
GTXI,2.8
GUID,6.25
GULF,16.75
GXDX,18.22
GYMB,65.23
GYRO,77
HA,7.2
HAFC,1.2
HAIN,26.41
HALL,9.47
HALO,7.49
HANS,51.54
HARL,14.99
HAST,6.56
HAUP,2.27
HAVNP,11.3
HAWK,10.31
HAYN,38.35
HBAN,5.94
HBANP,1090
HBCP,13.72
HBE,6.98
HBHC,33.42
HBIO,4.1
HBNC,24.99
HBNK,10.25
HBOS,8.61
HCBK,11.98
HCCI,9.95
HCII,7.84
HCIIW,0.75
HCKT,4.13
HCSG,24.74
HDNG,8.2
HDSN,1.68
HEAT,6.89
HEES,10.29
HELE,25.16
HEOP,3.38
HERO,2.65
HEV,4.6
HFBC,9.09
HFFC,10.9
HFWA,14.99
HGIC,36.92
HGSH,3.65
HGSI,25.31
HHGP,3.85
HIBB,27.68
HIFS,40.41
HIHO,2.65
HILL,1.97
HIMX,2.39
HITK,22.48
HITT,54.87
HLCS,0.48
HLIT,6.78
HLYS,2.7
HMIN,45.94
HMNA,0.7
HMNF,3.14
HMPR,0.86
HMSY,61.07
HNRG,12.04
HNSN,1.56
HOFT,11.26
HOGS,22.91
HOKU,3.03
HOLI,14.05
HOLL,1.27
HOLX,15.83
HOMB,21.99
HOME,12.28
HOOK,7.38
HOTT,5.9
HOVNP,6.86
HPCCP,25.9
HPJ,4.19
HPOL,0.86
HRBN,21.78
HRLY,17
HRZN,14.85
HSFT,27.95
HSIC,57.39
HSII,23.78
HSKA,0.45
HSNI,26.24
HSTM,6.6
HSWI,6.16
HTBK,3.85
HTCH,3.17
HTCO,9.74
HTGC,10.91
HTHT,21.8
HTLD,15.47
HTLF,16.96
HTWR,72.5
HUBG,33.57
HUGH,34.98
HURC,19.77
HURN,22.95
HUVL,19.9
HWAY,11.32
HWBK,9.5
HWCC,12.45
HWKN,38.41
HYGS,3.74
IAAC,23.04
IACI,28.58
IART,43.36
IBB,88.61
IBCA,2.3
IBCP,1.51
IBCPO,13.07
IBKC,54.22
IBKR,19.08
IBNK,0.58
IBOC,19.15
ICAD,1.48
ICCC,3.13
ICFI,27.6
ICGE,12.89
ICGN,1.26
ICLK,5.93
ICLN,17.48
ICLR,20.09
ICOG,1.69
ICON,17.14
ICOP,1.8
ICUI,36.98
IDCC,34.36
IDIX,4.29
IDRA,2.75
IDSA,15.09
IDSY,2.55
IDTI,6.32
IDXX,61.81
IESC,3.71
IFAS,33.65
IFEU,32.3
IFGL,33.41
IFNA,42.15
IFON,0.84
IFSIA,15.56
IFSM,38.08
IGLD,26.44
IGOI,2.69
IGOV,107.91
IGTE,20.86
III,2.06
IIIIU,8.73
IIIIW,0.0198
IIIN,8.96
IIJI,5.3
IILG,15.92
IIN,4.55
IIVI,41.63
IKAN,1.12
IKNX,7.6
ILMN,56.29
IMAX,21.87
IMGN,8
IMKTA,19.86
IMMR,5.38
IMMU,3.7
IMOS,1.36
INAP,5.29
INCB,14.2
INCY,16.12
INDB,25.5
INDY,33.1
INET,13.31
INFA,40.85
INFI,6.75
INFN,8.54
INFY,68.96
INHX,1.99
ININ,27.25
INMD,8.27
INOC,1.14
INOD,3.21
INPH,1.38
INSM,0.73
INSP,7.7
INSU,22.64
INSW,6.4
INTC,21.24
INTG,25
INTT,2.65
INTU,48.45
INTX,10
INVE,2.6
INWK,6.51
INXI,6.11
IOSP,19.25
IPAR,18.71
IPAS,1.2
IPCC,60.93
IPCI,2.73
IPCM,32.08
IPGP,25.2
IPHS,34.01
IPSU,13.75
IPXL,18.85
IRBT,20.05
IRDM,8.69
IRDMW,2.51
IRDMZ,1.54
IRET,9
IRIS,9.86
IRIX,3.74
IRWD,10.81
ISBC,12.49
ISCA,23.5
ISHG,107.55
ISIG,6.92
ISIL,13.64
ISIS,9.9
ISLE,8.5
ISLN,27.95
ISNS,12.5
ISPH,7
ISRG,278.27
ISRL,59.51
ISSC,5.66
ISSI,7.68
ISTA,4.15
ISYS,8.81
ITMN,13.93
ITRI,60.71
ITRN,16.07
IVAC,12.67
IVAN,2.72
IXYS,11.38
JACK,23.48
JADE,5.64
JAKK,19.48
JASO,9.43
JAX,4.48
JAXB,8.2
JAZZ,14.28
JBHT,37.24
JBLU,7.54
JBSS,12.92
JCDA,1.03
JCOM,28.2
JCS,12.34
JCTCF,9.1
JDAS,26.19
JDSU,11.4
JFBI,3.4
JGBO,6.8
JJSF,43.49
JKHY,28.04
JMBA,2.47
JNGW,4.59
JOBS,45.04
JOEZ,1.71
JOSB,44.25
JOUT,15
JOYG,75.33
JRCC,17.77
JRJC,8.51
JSDA,1.26
JST,14.03
JVA,4.04
KALU,46.81
KAMN,29
KBALB,6.68
KCAP,6.92
KCLI,31.37
KELYA,15.87
KEQU,11.8
KERX,5.38
KEYN,12.45
KEYP,4.99
KEYW,12.53
KFED,7.61
KFFB,9.7
KFRC,15.52
KGJI,7.28
KINS,3.09
KIRK,13.19
KITD,14.67
KLAC,37.57
KLIC,6.61
KMGB,14.41
KNDI,6.22
KNDL,9.06
KNOL,14.25
KNOT,9.08
KNSY,27.26
KNXA,19.53
KONA,3.97
KONE,3.3
KONG,7.4
KOOL,3
KOPN,3.73
KOSS,5.66
KRNY,8.94
KSW,3.2
KSWS,12.19
KTCC,6.29
KTEC,14.93
KTOS,11.79
KUTV,5.2
KVHI,13.99
LABC,14.39
LABL,18.47
LACO,2.36
LAKE,9.45
LAMR,33.77
LANC,50.84
LARK,15.96
LAVA,4.24
LAWS,23.38
LAYN,29.72
LBAI,10.38
LBIX,2.64
LBTYA,39.43
LBTYB,40.11
LBTYK,37.08
LCAPA,59.21
LCAPB,58.73
LCAV,6.2
LCRD,4.56
LCRY,9.07
LCUT,14.92
LDSH,32.9
LEAP,11.78
LECO,61.99
LEDR,2
LEGC,7.81
LFUS,43.28
LGCY,26.35
LGND,1.68
LHCG,27.2
LIFE,51.55
LIME,3.99
LINC,15.37
LINE,36.14
LINTA,15.28
LION,6.79
LIOX,3.96
LIVE,6.81
LIWA,12
LKFN,20.17
LKQX,22.59
LLEN,9.43
LLNW,6.6
LLTC,32.94
LMAT,6.79
LMIA,16.3
LMLP,2.15
LMNR,22.64
LMNX,16.8
LNBB,4.9
LNCE,23.64
LNCR,26
LNDC,6.41
LNET,3.02
LOAN,1.38
LOCM,4.36
LOGC,0.79
LOGI,19.07
LOGM,40.05
LOJN,5
LONG,20.15
LOOK,2.28
LOOP,11.03
LOPE,18.2
LORL,63.99
LPHI,19.32
LPNT,34.62
LPSN,9.18
LPTH,2.76
LQDT,16.88
LRAD,2.57
LRCX,47.63
LSBI,10.85
LSBX,20.83
LSCC,4.94
LSTR,39.08
LSTZA,64.36
LTBR,5.59
LTON,1.45
LTRE,10.7
LTRX,3.41
LTXC,6.59
LUFK,51.41
LULU,48.09
LUNA,2.04
LVLT,0.91
LWAY,10.02
LWSN,9.22
LXRX,1.63
LYTS,9.25
MAGS,3.1
MAIL,6.12
MAKO,11.36
MALL,6.46
MANH,31
MANT,41.6
MAPP,15.08
MARPS,20.38
MASC,5
MASI,30.16
MAT,23.94
MATK,22.73
MATW,33.98
MAXY,6.37
MBFI,16.49
MBLX,14.04
MBND,2.69
MBRG,13.8
MBTF,1.9
MBVT,26.24
MBWM,4.13
MCBC,1.94
MCBF,1.37
MCBI,2.97
MCCC,7.03
MCGC,7.24
MCHP,33.96
MCHX,6.83
MCOX,14.69
MCRI,11.85
MCRL,12.35
MCRS,45.63
MDAS,18.54
MDCA,13.56
MDCI,9.35
MDCO,12.28
MDH,2.53
MDMD,14.91
MDRX,19.49
MDSO,19.77
MDTH,10.35
MDVN,12.05
MEAD,3.33
MEAS,25.75
MEDQ,8.62
MEDW,11.26
MELA,7.06
MELI,61.24
MEMS,2.97
MENT,10.93
MEOH,29.33
MERC,6.57
MERR,3.01
MERU,17.41
METR,10.24
MFI,4.23
MFLX,22.68
MFRI,8.74
MFSF,8.69
MGAM,4.3
MGEE,41.78
MGIC,3.35
MGLN,48.77
MGPI,9.13
MGRC,26.16
MHGC,7.27
MHLD,7.89
MICC,95.99
MIDD,75.46
MIGP,19.28
MILL,4.77
MIND,8.94
MINI,17.49
MIPI,0.86
MIPS,15.04
MITI,7.74
MITL,7
MITSY,327.99
MKSI,21.7
MKTAY,36.52
MKTX,18.48
MLAB,25.6
MLHR,20.89
MLNK,6.95
MLNX,23.99
MLVF,6.75
MMLP,35.1
MMSI,15.74
MMUS,6.45
MMYT,32.09
MNDO,2.46
MNKD,5.54
MNOV,5.2
MNRK,8.35
MNRO,49.7
MNTA,16.35
MNTG,1.92
MNTX,2.96
MOCO,12.89
MOFG,15.09
MOLX,21.69
MOLXA,18
MORN,49.55
MOSY,4.66
MOTR,27.9
MOVE,2.39
MPAA,11.27
MPAC,5
MPB,6.75
MPEL,6.57
MPET,2.11
MPWR,15.48
MRCY,15.63
MRGE,3.24
MRLN,12.55
MRNA,1.94
MROE,11.73
MRTN,22.34
MRVL,20.8
MSCC,21.17
MSDXP,28.5
MSEX,18.2
MSFG,8.95
MSFT,26.85
MSG,22.18
MSHL,1.07
MSON,2.4
MSPD,6.4
MSSR,8.78
MSTR,89.5
MSW,6.9
MTEX,1.97
MTLK,0.94
MTOX,11.8
MTRX,10.29
MTSC,33.75
MTSL,2.1
MTSN,2.69
MTXX,5.41
MU,8.65
MVIS,1.67
MWIV,58.63
MXIM,22.67
MXWL,16.04
MYGN,20.71
MYL,20.14
MYLNP,1177.5
MYRG,16.6
MYRX,3.68
NABI,5.12
NAFC,42.97
NAII,6.96
NANO,12.74
NANX,1.12
NARA,8.62
NASB,18.72
NATH,16.26
NATI,35.39
NATL,22
NATR,9
NAUH,6.85
NAVG,48.31
NAVI,3.62
NAVR,2.1
NBBC,4
NBIX,7.67
NBN,13.02
NBTB,23.68
NBTF,20
NBXH,6
NCBC,4.1
NCIT,21.6
NCMI,18.77
NCOC,0.99
NCTY,6.83
NDAQ,22.2
NDSN,82.25
NEBS,7.39
NEI,1.65
NEOG,36.48
NEPT,2.17
NETC,13.48
NETL,31.3
NEWL,3.1
NEWP,14.78
NEWS,8.63
NEWT,1.38
NEXS,2.15
NFBK,12.65
NFEC,4.79
NFLX,168.1
NFSB,11.76
NGAS,0.6
NGBF,0.08
NGPC,10.59
NGSX,7.03
NHTB,13.02
NHWK,6.35
NICE,32.79
NICK,10.35
NIHD,42.73
NILE,48.3
NINE,1.43
NKBP,4.74
NKSH,28.49
NKTR,14.36
NLCI,6.79
NLST,3.2
NLTX,0.68
NLTXW,0.3
NMRX,9.22
NMTI,0.36
NNBR,9
NOBH,7.77
NOEC,1.1
NOIZ,4.98
NOOF,1.89
NOVA,11.87
NOVB,1.68
NOVL,5.78
NPBC,7.24
NPBCO,25
NPSP,6.69
NRCI,29.29
NRIM,17.83
NSIT,13.07
NSPH,4.97
NSSC,1.69
NSTC,4.85
NSYS,3.85
NTAP,55.1
NTCT,24.39
NTES,41.09
NTGR,31.39
NTIC,13.51
NTLS,18.06
NTRI,20.73
NTRS,51.88
NTSC,7.99
NTSP,15.98
NTWK,1.48
NUAN,16.38
NUCL,42.65
NUHC,6.97
NURO,0.52
NUTR,16.89
NUVA,24
NVAX,2.33
NVDA,12.6
NVEC,49.15
NVGN,0.48
NVLS,30.63
NVMI,6.65
NVSL,4.95
NVTL,10.12
NWBI,11.33
NWFL,28.26
NWK,3.45
NWLI,177.93
NWPX,22.62
NWS,16.33
NWSA,14.5
NXPI,13.97
NXST,5.56
NXTM,22.46
NYMT,6.3
NYMX,4.24
NYNY,0.99
OABC,11.99
OBAF,11.88
OBAS,1.49
OBCI,2.15
OCCF,3.18
OCFC,13.01
OCLR,9.97
OCLS,1.69
OCNF,1.05
OCNW,7.34
OCZ,4.11
ODFL,28.53
OFIX,26.83
OFLX,14.97
OGXI,15.86
OICO,12.52
OIIM,6.36
OINK,7.73
OKSB,9.92
OLBK,8.72
OLCB,1.9
OMAB,15.47
OMCL,13.84
OMER,7.76
OMEX,2.17
OMPI,11.03
ONAV,1.32
ONCY,4.9
ONEQ,101.69
ONFC,7.59
ONNN,8.21
ONSM,0.86
ONTY,3.42
ONVI,3.05
ONXX,29.64
OPEN,67.66
OPLK,17.38
OPNT,22.18
OPTC,1.38
OPTR,9.86
OPTT,6.25
OPWV,2.2
OPXA,1.41
OPXT,1.43
ORBC,2.49
ORBK,10.92
ORCC,5.19
ORCH,1.62
ORCL,29.25
ORCT,3.91
OREX,5.99
ORIT,11.04
ORLY,58.43
ORRF,25.9
OSBC,1.82
OSBCP,4
OSHC,11.1
OSIR,7.35
OSIS,37.46
OSTE,6.5
OSTK,13.9
OSUR,4.48
OTEX,44.6
OTIV,2.14
OTIX,10.98
OTT,16.89
OTTR,20.97
OUTD,6.1
OVBC,19.18
OVLY,5.5
OVRL,1.3
OVTI,28.03
OXBT,2.05
OXGN,0.22
OXPS,17.16
OYOG,65.45
OZRK,39.27
PAAS,34.58
PABK,0.71
PACB,14.56
PACR,5.6
PACW,18.75
PAET,4.2
PAGG,31.43
PANL,23.87
PARD,0.5
PARL,2.47
PATH,5.33
PATK,1.87
PATR,67.72
PAYX,28.2
PBCT,12.69
PBHC,7.15
PBIB,11.35
PBIO,1.63
PBIP,6.15
PBNY,9.48
PBTQ,25.36
PCAR,55.25
PCBC,0.42
PCBK,8.79
PCCC,8.4
PCLN,388.87
PCTI,6.39
PCYC,6.4
PCYO,3.47
PDCO,28.29
PDEX,1.98
PDFS,4.11
PDII,9.99
PDLI,5.62
PEBK,5
PEBO,14.56
PEET,40.48
PEGA,27.89
PEIX,0.83
PENN,33.14
PENX,7.45
PEOP,11.05
PERF,8.42
PERY,22.8
PESI,1.41
PETD,35.95
PETM,38.28
PETS,16.86
PFBC,1.65
PFBI,6.6
PFBX,13.94
PFCB,47
PFIN,2.02
PFSW,3.95
PGC,12.97
PGNX,4.96
PGTI,2.15
PHHM,1.01
PHIIK,19.36
PHMD,5.65
PICO,32.53
PKBK,10
PKOH,17.97
PKOL,34.93
PLAB,6.82
PLBC,2.35
PLCE,44.94
PLCM,35.03
PLFE,9.99
PLNR,2.35
PLPC,47.34
PLTM,34.3
PLUG,0.54
PLUS,25.63
PLXS,31.63
PLXT,3.6
PMBC,3.1
PMCS,7.97
PMD,8.89
PMFG,16.91
PMIC,14.04
PMNA,13.85
PMTC,22.7
PMTI,11.64
PNBC,4.9
PNBK,2.34
PNCL,5.62
PNFP,11.74
PNNT,11.85
PNNW,24.07
PNQI,34.92
PNRA,93.38
PNRG,18.4
PNSN,4.83
PNTR,6.99
PNXQ,30.25
PODD,14.44
POOL,21.74
POPE,32.32
POWI,38.13
POWL,33.25
POWR,9.45
POZN,6.63
PPBI,5.2
PPDI,25.56
PPHM,1.64
PQBW,22.64
PQSC,26
PRAA,68.58
PRCP,5.58
PRFT,11.67
PRFZ,60.46
PRGO,63.91
PRGS,39.13
PRGX,5.97
PRIM,8.09
PRKR,0.46
PRLS,3.18
PROJ,7.37
PROV,6.89
PRPH,1.47
PRPX,11.62
PRSC,17.57
PRSP,33.75
PRST,2.12
PRTS,8.88
PRWT,0.41
PRXI,2
PRXL,21.66
PSAU,50.19
PSDV,5.98
PSEC,10.52
PSEM,10.29
PSID,0.58
PSMT,30.38
PSOF,4.57
PSSI,23.09
PSTB,5.81
PSTI,1.52
PSTL,22.77
PSTR,3.77
PSUN,6.05
PSYS,33.71
PTEC,4.25
PTEK,0.85
PTEN,19.68
PTIE,8.36
PTIX,1.82
PTNR,20.13
PTRP,30.35
PTRY,20.3
PTSI,11.29
PULB,7.2
PURE,2.45
PVFC,1.95
PVSA,8.1
PVSW,5.05
PVTB,11.98
PVTBP,27
PWAV,2.22
PWER,9.41
PWND,10.42
PWOD,34.85
PWRD,32
PWX,13.2
PXLW,3.15
PZZ,8.44
PZZA,25.59
PZZI,2
QABA,23.22
QADI,4.66
QBAK,1.6
QCCO,4.01
QCLN,16.27
QCOM,48.33
QCOR,12.84
QCRH,8.78
QDEL,12.37
QGEN,18.68
QKLS,5.67
QLGC,18.23
QLIK,23.48
QLTI,5.59
QLTY,7.41
QNST,16.01
QQEW,23.11
QQQQ,53.67
QQQX,14.09
QQXT,20.5
QSFT,26.7
QSII,64.06
QTEC,25.08
QTWW,0.52
QUIK,5.57
RADA,2.52
RADS,19.53
RAIL,25.71
RAME,1.56
RAND,3.48
RAVN,45.3
RBCAA,21.86
RBCN,23.1
RBNF,2.8
RBPAA,2.01
RCII,26.37
RCKB,11.52
RCKY,9.37
RCMT,5.2
RCON,5.99
RCRC,22.05
RDCM,10.55
RDEA,23.46
RDEN,21.32
RDI,5.3
RDNT,2.33
RDWR,33.8
RECN,16.98
REDF,3.51
REED,2.28
REFR,4.24
REGN,26.53
REIS,6.96
RELL,10.95
RELV,1.82
RENT,27.12
REVU,1.55
REXI,6.09
REXX,11.24
RFIL,6.5
RFMD,7.43
RFMI,1.2
RGCO,30.8
RGDX,2.27
RGEN,3.71
RGLD,51.66
RGNC,26.11
RICK,7.56
RIGL,8.1
RIMG,15.4
RIMM,55.66
RINO,16.6
RITT,7.29
RJET,9.07
RLOC,17.48
RLOG,4.76
RLRN,14.35
RMBS,20.68
RMCF,9.53
RMKR,1.2
RMTI,8.68
RMTR,3.95
RNIN,1.39
RNOW,27.3
RNST,17.24
RNWK,3.52
ROAC,5.2
ROCK,9.68
ROCM,11.55
RODM,3.16
ROIA,1.05
ROIAK,0.98
ROIC,9.93
ROICW,0.8
ROLL,35.47
ROMA,10.16
ROME,11.05
ROSE,29.2
ROSG,1.37
ROST,64.25
ROVI,52.16
ROYL,2.14
RP,26.74
RPRXD,1.61
RPTP,3.53
RRD,18.18
RRGB,18.65
RRST,8.89
RSCR,13.1
RSOL,3.11
RSTI,29.76
RSYS,10.01
RTEC,8.2
RTIX,2.57
RUE,26.96
RURL,10.17
RUSHA,17.16
RUSHB,15.79
RUTH,4.97
RVBD,59.28
RVSB,2.23
RVSN,7.62
RXII,3.35
RYAAY,31.52
SAAS,2.66
SABA,5.96
SAFM,42.62
SAFT,47.92
SAIA,15.01
SALM,3.06
SANM,12.49
SANW,3.19
SAPE,12.41
SAPX,0.66
SASR,18.2
SATC,4.31
SATS,21.65
SAVB,7.7
SBAC,38.43
SBAY,10.05
SBCF,1.24
SBGI,8.32
SBIB,5.88
SBIBN,24.9
SBIBW,1.64
SBLK,3.16
SBNY,44.81
SBNYW,23.55
SBSA,0.78
SBSI,19.88
SBUX,30.87
SCBT,30.84
SCEI,8
SCHL,30.41
SCHN,53.14
SCHS,14.02
SCIL,3.4
SCKT,2.3
SCLN,3.38
SCMF,1.57
SCMFO,6.56
SCMP,3.47
SCMR,31.5
SCOK,8.55
SCON,1.69
SCOR,22.51
SCSC,29.82
SCSS,8.79
SCVL,24.58
SDIX,1.63
SDTH,6.32
SEAC,8.34
SEED,9.25
SEIC,23.36
SENEA,22.85
SENEB,22.89
SERV,2.49
SFLY,30.52
SFNC,28.93
SFSF,28.27
SFST,6.76
SGC,11
SGEN,14.71
SGI,7.52
SGMA,6
SGMO,4.17
SGMS,7.87
SGRP,1.05
SHBI,10.46
SHEN,19.92
SHFL,9.65
SHIP,1.2
SHIPW,0.04
SHLD,73.34
SHLM,22.31
SHLO,12.2
SHMR,13.87
SHOO,40.88
SHOR,6.47
SHPGY,73.08
SIAL,65.34
SIEB,2.4
SIFY,2
SIGA,13.22
SIGI,17.59
SIGM,11.66
SILC,15.44
SIMG,6.66
SIMO,4.64
SINA,59.14
SINO,2.48
SIRI,1.53
SIRO,38.06
SIVB,47.17
SIVBO,24.65
SKBI,8.11
SKYW,15.88
SLAB,41.68
SLGN,34.41
SLP,3.01
SLRC,23.11
SLTC,5.08
SLTM,2.25
SLXP,37.8
SMBL,3.64
SMCI,11.4
SMED,4.28
SMHG,6.27
SMIT,2.99
SMMF,4.13
SMOD,7.56
SMRT,9.82
SMSC,26.32
SMSI,15.13
SMT,12.45
SMTB,3.75
SMTC,22.62
SMTX,4.03
SNAK,4.17
SNBC,4.15
SNCR,27
SNDA,40.12
SNDK,41.31
SNFCA,1.78
SNHY,33.96
SNIC,12.72
SNMX,5.33
SNPS,25.84
SNSS,0.31
SNSTA,17.52
SNTA,3.55
SNTS,3.34
SOCB,3.7
SODA,31.88
SOFO,14
SOHU,74.05
SOLF,11.03
SOLR,8.84
SOMX,3.19
SONA,7.3
SONC,9.42
SONE,5.96
SONO,33.01
SONS,2.79
SORL,9.76
SOXX,53.22
SPAN,14.75
SPAR,5.52
SPBC,9.38
SPCHA,2.24
SPCHB,2.42
SPEC,15.64
SPEX,0.78
SPIL,5.54
SPIR,6.05
SPLS,20.78
SPMD,6.22
SPNC,5.09
SPNS,2.5
SPPI,4.41
SPPR,1.63
SPPRO,25.5
SPRD,16.09
SPRO,2.5
SPRT,6.36
SPSC,13.56
SPTN,15.92
SPU,5.64
SPWRA,14.32
SPWRB,13.89
SQI,12
SQNM,7.14
SQQQ,33.43
SRCE,18.93
SRCL,72.39
SRDX,12.41
SRLS,3.84
SRSL,9.12
SSBI,6.4
SSFN,7.5
SSNC,17.53
SSRI,25.58
SSRX,16.07
SSYS,31.65
STAA,5.48
STAN,17.86
STBA,21.15
STBC,9.6
STEC,17.93
STEI,5.77
STEL,13.72
STEM,0.88
STFC,16.62
STKL,7.19
STLD,15.93
STLY,3.65
STMP,15.1
STND,12.95
STNR,42.33
STON,27.47
STRA,135.57
STRC,3.1
STRL,13.48
STRM,1.32
STRN,6.91
STRS,8.82
STRT,33.07
STRZ,1
STSA,0.54
STX,15.32
STXS,4.04
SUBK,25.12
SUMR,7.07
SUNH,9.37
SUPG,2.74
SUPR,0.77
SUPX,25.64
SURG,3.55
SURW,9.14
SUSQ,8.25
SUSS,13.93
SUTR,2.09
SVA,4.05
SVBI,3.47
SVLF,1.11
SVNT,11.73
SVVS,23.87
SWHC,3.83
SWIR,11.36
SWKS,24.17
SXCI,38.84
SYBT,25
SYKE,18.14
SYMC,17.2
SYMM,6.43
SYMS,7.07
SYMX,0.99
SYNA,29.16
SYNM,1.95
SYNO,15.98
SYNT,51.63
SYPR,3.74
SYUT,11.53
TACT,9.14
TASR,4.11
TAST,6.95
TATT,6.74
TAXI,8.61
TAYC,12.32
TAYCP,24.8
TAYD,5
TBAC,3.29
TBBK,8.56
TBNK,17.8
TBSI,4.31
TBUS,1.65
TCAP,17.53
TCBI,19.85
TCBK,15.2
TCCO,11.39
TCHC,3.66
TCLP,47.65
TCRD,12.79
TDBK,1.19
TDSC,27.3
TEAM,8.29
TEAR,2.84
TECD,46.2
TECH,60.21
TECUA,13.64
TECUB,12.66
TELK,0.81
TELOZ,2.14
TESO,13.97
TESS,15.83
TEVA,50.77
TFONY,15.72
TFSL,8.98
TGA,14.63
TGAL,0.49
TGE,3.62
TGIS,1.65
THFF,31.56
THLD,1.27
THMD,15
THOR,33.18
THQI,4.16
THRD,21.75
THRX,20.66
THTI,3.54
TIBB,0.34
TIBX,20.02
TICC,11.2
TIER,5.68
TIGR,4.6
TIII,1.38
TINY,4.61
TISA,1.03
TISI,20.08
TITN,20.75
TIVO,11.16
TKLC,13.6
TLAB,6.89
TLCR,23.48
TLEO,32.24
TLF,4.68
TLGD,8.29
TLVT,25.82
TMNG,2.34
TMRK,11.62
TNAV,6.88
TNCC,3.89
TNDM,14.72
TNGN,2.89
TO,6.59
TOBC,23.7
TOFC,7.41
TOMO,3.89
TOPS,0.75
TORM,12.18
TOWN,16.2
TPCG,28
TPGI,4.5
TQNT,10.65
TQQQ,141.91
TRAD,6.09
TRAK,18.45
TRCI,3.55
TRCR,17.74
TREE,7.48
TRGL,15.96
TRGT,23.31
TRIB,7.59
TRID,1.9
TRIT,14.13
TRLG,19
TRMB,37.91
TRMD,6.81
TRMK,23.54
TRMS,2.66
TROW,60.46
TRS,16.29
TRST,5.8
TRUE,1.33
TSBK,4
TSCM,3.01
TSCO,41.69
TSEM,1.66
TSLA,24.44
TSON,2.37
TSPT,6.14
TSRA,21.2
TSRI,2.33
TSRX,3.18
TSTC,12.8
TSTF,0.58
TSTY,6.61
TSYS,5.09
TTEC,17.37
TTEK,21.68
TTES,34.63
TTGT,5.13
TTHI,2.87
TTMI,13.63
TTPA,6.42
TTWO,11.13
TUES,5.21
TUNE,2.9
TWER,3.53
TWGP,25.61
TWIN,23.25
TWMC,1.77
TWTC,17.3
TXCC,2.25
TXRH,16.06
TYPE,10.93
TZOO,33.61
UACL,15.37
UBCP,8.25
UBFO,4.9
UBNK,14.37
UBOH,9
UBSH,13.47
UBSI,28.95
UCBA,6.85
UCBI,1.81
UCFC,1.31
UCTT,8.13
UDRL,5.23
UEIC,27.87
UEPS,12.25
UFCS,21.1
UFPI,33.12
UFPT,11.44
UG,13.15
UHAL,91.5
ULBI,5.92
ULCM,8.06
ULGX,0.82
ULTA,32.3
ULTI,42.03
ULTR,6.36
UMBF,38.95
UMPQ,11.7
UNAM,9.35
UNB,18
UNFI,36.74
UNFY,3.2
UNIS,5.84
UNTD,7.11
UNTY,5.9
UPI,5.6
URBN,32.44
URRE,1.75
USAK,13.99
USAP,30.85
USAT,1.28
USATW,0.17
USATZ,0.6
USBI,9.24
USEG,5.7
USHS,3.28
USLM,41.24
USMO,17.43
USNA,44.81
USPH,20.33
USTR,60.01
UTEK,18.42
UTHR,59.23
UTIW,19.67
UTMD,29.65
UTSI,2.11
UVSP,19.54
UWBK,0.46
VALU,14.9
VALV,5.77
VASC,12.07
VBFC,1.82
VCBI,5.73
VCGH,1.86
VCIT,82.47
VCLK,15.45
VCLT,79.66
VCSH,78.76
VDSI,8.17
VECO,44
VGIT,64.22
VGLT,63.56
VGSH,60.9
VIAS,17.5
VICL,2.2
VICR,18.36
VIDE,4.19
VIFL,3.19
VIMC,3.78
VIRC,2.96
VISN,3.97
VIST,7.49
VITA,2.19
VITC,6.53
VIVO,23.16
VLCCF,23.55
VLCM,16.34
VLGEA,33.07
VLNC,1.33
VLTR,21.11
VLYWW,2.5
VMBS,51.83
VMED,26.62
VNDA,7.66
VOCS,24.54
VOD,28.46
VOLC,26.6
VOLT,6.32
VONE,55.68
VOXX,6.46
VPF,3
VPFG,10.19
VPHM,16.78
VPRT,38.7
VRA,29.07
VRGY,9.53
VRML,4.9
VRNM,3.64
VRNT,31.71
VRSK,30.27
VRSN,35.15
VRTA,1.07
VRTS,39.45
VRTU,13.39
VRTX,35.06
VRUS,40.06
VSAT,41.3
VSCI,1.42
VSCP,1.24
VSEA,33.91
VSEC,33.89
VTAL,14.15
VTNC,11.46
VTRO,4.67
VVTV,2.34
VVUS,7.12
VYFC,3.06
WABC,51.46
WACLY,68.61
WAIN,18.95
WASH,21.43
WATG,10.49
WAVX,2.42
WAYN,8.06
WBCO,12.96
WBMD,52.1
WBSN,21.9
WBSTP,11.15
WCAA,4.93
WCBO,2.69
WCRX,23.34
WDFC,38.29
WEBM,0.74
WERN,21.89
WEST,0.45
WEYS,24.83
WFD,8.38
WFMI,45.49
WFSL,16.22
WFSLW,5.05
WGOV,33.58
WHRT,2.4
WIBC,7.17
WILC,6.7
WIN,13.23
WINA,33.2
WINN,7.26
WIRE,21.94
WLBC,6.5
WLDN,3.4
WLFC,12.87
WLFCP,10.68
WMAR,9.89
WMCO,9.49
WMGI,13.72
WOLF,2.38
WOOD,45.34
WOOF,21.78
WPCS,2.99
WPPGY,61.07
WPRT,18.37
WRES,4.18
WRLD,43.78
WRLS,5.69
WSBC,17.85
WSBF,4
WSCI,6.66
WSFS,42.27
WSTG,11.44
WSTL,2.86
WTBA,7.1
WTFC,31.9
WTNY,9.07
WTSLA,3.49
WUHN,1.44
WVVI,3.62
WWAY,3.99
WWAYW,0.18
WWIN,6.19
WWON,9.61
WWVY,14.49
WWWW,6.67
WXCO,11.69
WYNN,113.07
XATA,2.25
XETA,3.62
XIDE,7.43
XIDEW,0.03
XING,1.77
XLBS,27.79
XLES,28.31
XLFS,26.24
XLIS,27.19
XLKS,27.55
XLNX,27.73
XLPS,28.07
XLUS,27.9
XLVS,25.89
XLYS,26.19
XNPT,8.01
XOMA,2.63
XPRT,0.95
XRAY,31.72
XRIT,4.2
XRTX,16.59
XSEL,0.27
XTEX,14.11
XTXI,8.89
XWES,2.85
XXIA,16.71
YAVY,2.45
YDNT,29.82
YHOO,16.26
YONG,8.88
YORW,16.15
YRCW,4.16
YTEC,3.65
YUII,8.8
ZAGG,8.24
ZANE,1.42
ZBRA,38.2
ZEUS,22.86
ZHNE,2.8
ZIGO,12.01
ZINC,11.35
ZION,22.03
ZIONW,6.05
ZIOP,4.54
ZIPR,2.7
ZIXI,3.77
ZLCS,1.34
ZN,5.1
ZNWAW,2.9
ZOLL,33.8
ZOLT,10.48
ZOOG,5.7
ZOOM,4.48
ZRAN,7.2
ZSTN,7.77
ZUMZ,28.07
